{ "_id" : { "$oid" : "52cdef7c4bab8bd675297d8a" }, "name" : "Wetpaint", "permalink" : "abc2", "crunchbase_url" : "http://www.crunchbase.com/company/wetpaint", "homepage_url" : "http://wetpaint-inc.com", "blog_url" : "http://digitalquarters.net/", "blog_feed_url" : "http://digitalquarters.net/feed/", "twitter_username" : "BachelrWetpaint", "category_code" : "web", "number_of_employees" : 47, "founded_year" : 2005, "founded_month" : 10, "founded_day" : 17, "deadpooled_year" : 1, "tag_list" : "wiki, seattle, elowitz, media-industry, media-platform, social-distribution-system", "alias_list" : "", "email_address" : "info@wetpaint.com", "phone_number" : "206.859.6300", "description" : "Technology Platform Company", "created_at" : { "$date" : 1180075887000 }, "updated_at" : "Sun Dec 08 07:15:44 UTC 2013", "overview" : "<p>Wetpaint is a technology platform company that uses its proprietary state-of-the-art technology and expertise in social media to build and monetize audiences for digital publishers. Wetpaint’s own online property, Wetpaint Entertainment, an entertainment news site that attracts more than 12 million unique visitors monthly and has over 2 million Facebook fans, is a proof point to the company’s success in building and engaging audiences. Media companies can license Wetpaint’s platform which includes a dynamic playbook tailored to their individual needs and comprehensive training. Founded by Internet pioneer Ben Elowitz, and with offices in New York and Seattle, Wetpaint is backed by Accel Partners, the investors behind Facebook.</p>", "image" : { "available_sizes" : [ [ [ 150, 75 ], "assets/images/resized/0000/3604/3604v14-max-150x150.jpg" ], [ [ 250, 125 ], "assets/images/resized/0000/3604/3604v14-max-250x250.jpg" ], [ [ 450, 225 ], "assets/images/resized/0000/3604/3604v14-max-450x450.jpg" ] ] }, "products" : [ { "name" : "Wikison Wetpaint", "permalink" : "wetpaint-wiki" }, { "name" : "Wetpaint Social Distribution System", "permalink" : "wetpaint-social-distribution-system" } ], "relationships" : [ { "is_past" : false, "title" : "Co-Founder and VP, Social and Audience Development", "person" : { "first_name" : "Michael", "last_name" : "Howell", "permalink" : "michael-howell" } }, { "is_past" : false, "title" : "Co-Founder/CEO/Board of Directors", "person" : { "first_name" : "Ben", "last_name" : "Elowitz", "permalink" : "ben-elowitz" } }, { "is_past" : false, "title" : "COO/Board of Directors", "person" : { "first_name" : "Rob", "last_name" : "Grady", "permalink" : "rob-grady" } }, { "is_past" : false, "title" : "SVP, Strategy and Business Development", "person" : { "first_name" : "Chris", "last_name" : "Kollas", "permalink" : "chris-kollas" } }, { "is_past" : false, "title" : "Board", "person" : { "first_name" : "Theresia", "last_name" : "Ranzetta", "permalink" : "theresia-ranzetta" } }, { "is_past" : false, "title" : "Board Member", "person" : { "first_name" : "Gus", "last_name" : "Tai", "permalink" : "gus-tai" } }, { "is_past" : false, "title" : "Board", "person" : { "first_name" : "Len", "last_name" : "Jordan", "permalink" : "len-jordan" } }, { "is_past" : false, "title" : "Head of Technology and Product", "person" : { "first_name" : "Alex", "last_name" : "Weinstein", "permalink" : "alex-weinstein" } }, { "is_past" : true, "title" : "CFO", "person" : { "first_name" : "Bert", "last_name" : "Hogue", "permalink" : "bert-hogue" } }, { "is_past" : true, "title" : "CFO/ CRO", "person" : { "first_name" : "Brian", "last_name" : "Watkins", "permalink" : "brian-watkins" } }, { "is_past" : true, "title" : "Senior Vice President, Marketing", "person" : { "first_name" : "Rob", "last_name" : "Grady", "permalink" : "rob-grady" } }, { "is_past" : true, "title" : "VP, Technology and Product", "person" : { "first_name" : "Werner", "last_name" : "Koepf", "permalink" : "werner-koepf" } }, { "is_past" : true, "title" : "VP Marketing", "person" : { "first_name" : "Kevin", "last_name" : "Flaherty", "permalink" : "kevin-flaherty" } }, { "is_past" : true, "title" : "VP User Experience", "person" : { "first_name" : "Alex", "last_name" : "Berg", "permalink" : "alex-berg" } }, { "is_past" : true, "title" : "VP Engineering", "person" : { "first_name" : "Steve", "last_name" : "McQuade", "permalink" : "steve-mcquade" } }, { "is_past" : true, "title" : "Executive Editor", "person" : { "first_name" : "Susan", "last_name" : "Mulcahy", "permalink" : "susan-mulcahy" } }, { "is_past" : true, "title" : "VP Business Development", "person" : { "first_name" : "Chris", "last_name" : "Kollas", "permalink" : "chris-kollas" } } ], "competitions" : [ { "competitor" : { "name" : "Wikia", "permalink" : "wikia" } }, { "competitor" : { "name" : "JotSpot", "permalink" : "jotspot" } }, { "competitor" : { "name" : "Socialtext", "permalink" : "socialtext" } }, { "competitor" : { "name" : "Ning by Glam Media", "permalink" : "ning" } }, { "competitor" : { "name" : "Soceeo", "permalink" : "soceeo" } }, { "competitor" : { "name" : "Yola", "permalink" : "yola" } }, { "competitor" : { "name" : "SocialGO", "permalink" : "socialgo" } }, { "competitor" : { "name" : "IslamNor", "permalink" : "islamnor" } } ], "providerships" : [], "total_money_raised" : "$39.8M", "funding_rounds" : [ { "id" : 888, "round_code" : "a", "source_url" : "http://seattlepi.nwsource.com/business/246734_wiki02.html", "source_description" : "", "raised_amount" : 5250000, "raised_currency_code" : "USD", "funded_year" : 2005, "funded_month" : 10, "funded_day" : 1, "investments" : [ { "company" : null, "financial_org" : { "name" : "Frazier Technology Ventures", "permalink" : "frazier-technology-ventures" }, "person" : null }, { "company" : null, "financial_org" : { "name" : "Trinity Ventures", "permalink" : "trinity-ventures" }, "person" : null } ] }, { "id" : 889, "round_code" : "b", "source_url" : "http://pulse2.com/2007/01/09/wiki-builder-website-wetpaint-welcomes-95m-funding/", "source_description" : "", "raised_amount" : 9500000, "raised_currency_code" : "USD", "funded_year" : 2007, "funded_month" : 1, "funded_day" : 1, "investments" : [ { "company" : null, "financial_org" : { "name" : "Accel Partners", "permalink" : "accel-partners" }, "person" : null }, { "company" : null, "financial_org" : { "name" : "Frazier Technology Ventures", "permalink" : "frazier-technology-ventures" }, "person" : null }, { "company" : null, "financial_org" : { "name" : "Trinity Ventures", "permalink" : "trinity-ventures" }, "person" : null } ] }, { "id" : 2312, "round_code" : "c", "source_url" : "http://www.accel.com/news/news_one_up.php?news_id=185", "source_description" : "Accel", "raised_amount" : 25000000, "raised_currency_code" : "USD", "funded_year" : 2008, "funded_month" : 5, "funded_day" : 19, "investments" : [ { "company" : null, "financial_org" : { "name" : "DAG Ventures", "permalink" : "dag-ventures" }, "person" : null }, { "company" : null, "financial_org" : { "name" : "Accel Partners", "permalink" : "accel-partners" }, "person" : null }, { "company" : null, "financial_org" : { "name" : "Trinity Ventures", "permalink" : "trinity-ventures" }, "person" : null }, { "company" : null, "financial_org" : { "name" : "Frazier Technology Ventures", "permalink" : "frazier-technology-ventures" }, "person" : null } ] } ], "investments" : [], "acquisition" : { "price_amount" : 30000000, "price_currency_code" : "USD", "term_code" : "cash_and_stock", "source_url" : "http://allthingsd.com/20131216/viggle-tries-to-bulk-up-its-social-tv-business-by-buying-wetpaint/?mod=atdtweet", "source_description" : " Viggle Tries to Bulk Up Its Social TV Business by Buying Wetpaint", "acquired_year" : 2013, "acquired_month" : 12, "acquired_day" : 16, "acquiring_company" : { "name" : "Viggle", "permalink" : "viggle" } }, "acquisitions" : [], "offices" : [ { "description" : "", "address1" : "710 - 2nd Avenue", "address2" : "Suite 1100", "zip_code" : "98104", "city" : "Seattle", "state_code" : "WA", "country_code" : "USA", "latitude" : 47.603122, "longitude" : -122.333253 }, { "description" : "", "address1" : "270 Lafayette Street", "address2" : "Suite 505", "zip_code" : "10012", "city" : "New York", "state_code" : "NY", "country_code" : "USA", "latitude" : 40.7237306, "longitude" : -73.9964312 } ], "milestones" : [ { "id" : 5869, "description" : "Wetpaint named in Lead411's Hottest Seattle Companies list", "stoned_year" : 2010, "stoned_month" : 6, "stoned_day" : 8, "source_url" : "http://www.lead411.com/seattle-companies.html", "source_text" : null, "source_description" : "LEAD411 LAUNCHES \"HOTTEST SEATTLE COMPANIES\" AWARDS", "stoneable_type" : "Company", "stoned_value" : null, "stoned_value_type" : null, "stoned_acquirer" : null, "stoneable" : { "name" : "Wetpaint", "permalink" : "wetpaint" } }, { "id" : 8702, "description" : "Site-Builder Wetpaint Makes One For Itself, Using the Demand Media Playbook", "stoned_year" : 2010, "stoned_month" : 9, "stoned_day" : 6, "source_url" : "http://mediamemo.allthingsd.com/20100906/site-builder-wetpaint-makes-one-for-itself-using-the-demand-media-playbook/", "source_text" : null, "source_description" : "All Things D", "stoneable_type" : "Company", "stoned_value" : null, "stoned_value_type" : null, "stoned_acquirer" : null, "stoneable" : { "name" : "Wetpaint", "permalink" : "wetpaint" } } ], "video_embeds" : [], "screenshots" : [ { "available_sizes" : [ [ [ 150, 86 ], "assets/images/resized/0016/0929/160929v2-max-150x150.png" ], [ [ 250, 143 ], "assets/images/resized/0016/0929/160929v2-max-250x250.png" ], [ [ 450, 258 ], "assets/images/resized/0016/0929/160929v2-max-450x450.png" ] ], "attribution" : null } ], "external_links" : [ { "external_url" : "http://www.geekwire.com/2011/rewind-ben-elowitz-wetpaint-ceo-building-type-media-company", "title" : "GeekWire interview: Rewind - Ben Elowitz, Wetpaint CEO, on building a new type of media company" }, { "external_url" : "http://techcrunch.com/2012/06/17/search-and-social-how-two-will-soon-become-one/", "title" : "Guest post by CEO Ben Elowitz in TechCrunch" }, { "external_url" : "http://allthingsd.com/20120516/what-to-expect-when-facebook-is-expecting-five-predictions-for-facebooks-first-public-year/", "title" : "Guest post by CEO Ben Elowitz in AllThingsD" }, { "external_url" : "http://adage.com/article/digitalnext/facebook-biggest-player-advertising-s-540-billion-world/235708/", "title" : "Guest post by CEO Ben Elowitz in AdAge" }, { "external_url" : "http://www.businessinsider.com/facebook-captures-14-percent-of-our-online-attention-but-only-4-percent-of-ad-spending-online-2012-6", "title" : "Guest post by CEO Ben Elowitz in Business Insider" }, { "external_url" : "http://allfacebook.com/wetpaint-media-data_b75963", "title" : "AllFacebook coverage of Wetpaint" }, { "external_url" : "http://adage.com/article/digital/celeb-site-wetpaint-shows-media-profit-facebook/237828/", "title" : "Profile of Wetpaint in Ad Age" }, { "external_url" : "http://allthingsd.com/20121018/how-to-boost-your-facebook-traffic-tips-and-tricks-from-wetpaint/", "title" : "Interview with Wetpaint CEO Ben Elowitz in All Things D" }, { "external_url" : "http://www.xconomy.com/seattle/2012/10/19/wetpaint-starts-licensing-its-facebook-based-media-distribution-tech/", "title" : "Profile of Wetpaint in Xconomy" } ], "partners" : [] }
    |        ^
  2 | { "_id" : { "$oid" : "52cdef7c4bab8bd675297d8b" }, "name" : "AdventNet", "permalink" : "abc3", "crunchbase_url" : "http://www.crunchbase.com/company/adventnet", "homepage_url" : "http://adventnet.com", "blog_url" : "", "blog_feed_url" : "", "twitter_username" : "manageengine", "category_code" : "enterprise", "number_of_employees" : 600, "founded_year" : 1996, "deadpooled_year" : 2, "tag_list" : "", "alias_list" : "Zoho ManageEngine ", "email_address" : "pr@adventnet.com", "phone_number" : "925-924-9500", "description" : "Server Management Software", "created_at" : { "$date" : 1180121062000 }, "updated_at" : "Wed Oct 31 18:26:09 UTC 2012", "overview" : "<p>AdventNet is now <a href=\"/company/zoho-manageengine\" title=\"Zoho ManageEngine\" rel=\"nofollow\">Zoho ManageEngine</a>.</p>\n\n<p>Founded in 1996, AdventNet has served a diverse range of enterprise IT, networking and telecom customers.</p>\n\n<p>AdventNet supplies server and network management software.</p>", "image" : { "available_sizes" : [ [ [ 150, 55 ], "assets/images/resized/0001/9732/19732v1-max-150x150.png" ], [ [ 150, 55 ], "assets/images/resized/0001/9732/19732v1-max-250x250.png" ], [ [ 150, 55 ], "assets/images/resized/0001/9732/19732v1-max-450x450.png" ] ] }, "products" : [], "relationships" : [ { "is_past" : true, "title" : "CEO and Co-Founder", "person" : { "first_name" : "Sridhar", "last_name" : "Vembu", "permalink" : "sridhar-vembu" } }, { "is_past" : true, "title" : "VP of Business Dev", "person" : { "first_name" : "Neil", "last_name" : "Butani", "permalink" : "neil-butani" } }, { "is_past" : true, "title" : "Usabiliy Engineer", "person" : { "first_name" : "Bharath", "last_name" : "Balasubramanian", "permalink" : "bharath-balasibramanian" } }, { "is_past" : true, "title" : "Director of Engineering", "person" : { "first_name" : "Rajendran", "last_name" : "Dandapani", "permalink" : "rajendran-dandapani" } }, { "is_past" : true, "title" : "Market Analyst", "person" : { "first_name" : "Aravind", "last_name" : "Natarajan", "permalink" : "aravind-natarajan" } }, { "is_past" : true, "title" : "Director of Product Management", "person" : { "first_name" : "Hyther", "last_name" : "Nizam", "permalink" : "hyther-nizam" } }, { "is_past" : true, "title" : "Western Regional OEM Sales Manager", "person" : { "first_name" : "Ian", "last_name" : "Wenig", "permalink" : "ian-wenig" } } ], "competitions" : [], "providerships" : [ { "title" : "DHFH", "is_past" : true, "provider" : { "name" : "A Small Orange", "permalink" : "a-small-orange" } } ], "total_money_raised" : "$0", "funding_rounds" : [], "investments" : [], "acquisition" : null, "acquisitions" : [], "offices" : [ { "description" : "Headquarters", "address1" : "4900 Hopyard Rd.", "address2" : "Suite 310", "zip_code" : "94588", "city" : "Pleasanton", "state_code" : "CA", "country_code" : "USA", "latitude" : 37.692934, "longitude" : -121.904945 } ], "milestones" : [], "video_embeds" : [], "screenshots" : [ { "available_sizes" : [ [ [ 150, 94 ], "assets/images/resized/0004/3400/43400v1-max-150x150.png" ], [ [ 250, 156 ], "assets/images/resized/0004/3400/43400v1-max-250x250.png" ], [ [ 450, 282 ], "assets/images/resized/0004/3400/43400v1-max-450x450.png" ] ], "attribution" : null } ], "external_links" : [], "partners" : [] }
  3 | { "_id" : { "$oid" : "52cdef7c4bab8bd675297d8c" }, "name" : "Zoho", "permalink" : "abc4", "crunchbase_url" : "http://www.crunchbase.com/company/zoho", "homepage_url" : "http://zoho.com", "blog_url" : "http://blogs.zoho.com/", "blog_feed_url" : "http://blogs.zoho.com/feed", "twitter_username" : "zoho", "category_code" : "software", "number_of_employees" : 1600, "founded_year" : 2005, "founded_month" : 9, "founded_day" : 15, "deadpooled_year" : 3, "tag_list" : "zoho, officesuite, spreadsheet, writer, projects, sheet, crm, show, creator, wiki, planner, suite, notebook, chat, meeting, mail", "alias_list" : "", "email_address" : "info@zohocorp.com", "phone_number" : "1-888-204-3539", "description" : "Online Business Apps Suite", "created_at" : "Fri May 25 19:30:28 UTC 2007", "updated_at" : "Wed Oct 30 00:07:05 UTC 2013", "overview" : "<p>Zoho offers a suite of Business, Collaboration &amp; Productivity applications. Apps include CRM, Customer Support, Office Suite, Email Hosting, Project Management, Accounting, App Creator among many others. </p>\n\n<p>Zoho&#8217;s parent company is Zoho Corp (previously AdventNet), &#8220;a software company started in 1996 focusing on building quality and affordable software for businesses.&#8221; </p>\n\n<p>Zoho&#8217;s main competitors are <a href=\"/company/google\" title=\"Google\" rel=\"nofollow\">Google</a> Docs &amp; Spreadsheets, Salesforce as well as <a href=\"/company/microsoft\" title=\"Microsoft\" rel=\"nofollow\">Microsoft</a> Office.</p>", "image" : { "available_sizes" : [ [ [ 150, 55 ], "assets/images/resized/0000/3946/3946v12-max-150x150.png" ], [ [ 250, 92 ], "assets/images/resized/0000/3946/3946v12-max-250x250.png" ], [ [ 435, 161 ], "assets/images/resized/0000/3946/3946v12-max-450x450.png" ] ] }, "products" : [ { "name" : "Zoho Office Suite", "permalink" : "zoho-office-suite" }, { "name" : "Zoho CRM", "permalink" : "zoho-crm" }, { "name" : "Zoho Assist", "permalink" : "zoho-assist" } ], "relationships" : [ { "is_past" : false, "title" : "CEO and Founder", "person" : { "first_name" : "Sridhar", "last_name" : "Vembu", "permalink" : "sridhar-vembu" } }, { "is_past" : false, "title" : "VP Product Managment", "person" : { "first_name" : "Hyther", "last_name" : "Nizam", "permalink" : "hyther-nizam" } }, { "is_past" : false, "title" : "VP Marketing", "person" : { "first_name" : "Rodrigo", "last_name" : "Vaca", "permalink" : "rodrigo-vaca" } }, { "is_past" : false, "title" : "Evangelist", "person" : { "first_name" : "Raju", "last_name" : "Vegesna", "permalink" : "raju-vegesna" } }, { "is_past" : false, "title" : "Director of Product Managment", "person" : { "first_name" : "Gibu", "last_name" : "Mathew", "permalink" : "gibu-mathew" } }, { "is_past" : false, "title" : "VP Opration", "person" : { "first_name" : "Neil", "last_name" : "Butani", "permalink" : "neil-butani" } }, { "is_past" : false, "title" : "Director Of Engineering", "person" : { "first_name" : "Rajendran", "last_name" : "Dandapani", "permalink" : "rajendran-dandapani" } }, { "is_past" : false, "title" : "President", "person" : { "first_name" : "Raj", "last_name" : "Sabhlok", "permalink" : "raj-sabhlok" } }, { "is_past" : false, "title" : "GM Marketing", "person" : { "first_name" : "Mouttou", "last_name" : "Sidambaram", "permalink" : "mouttou-sidambaram" } }, { "is_past" : false, "title" : "Director of Product Management", "person" : { "first_name" : "Rajesh", "last_name" : "Ganesan", "permalink" : "rajesh-ganesan" } }, { "is_past" : false, "title" : "Marketing / Business Development Executive", "person" : { "first_name" : "Aravind", "last_name" : "Natarajan", "permalink" : "aravind-natarajan" } }, { "is_past" : true, "title" : "Senior Director Strategic Alliances", "person" : { "first_name" : "Ian", "last_name" : "Wenig", "permalink" : "ian-wenig" } }, { "is_past" : true, "title" : "Project Manager", "person" : { "first_name" : "Rajkumar", "last_name" : "Radhakrishnan", "permalink" : "rajkumar-radhakrishnan" } }, { "is_past" : true, "title" : "Technical Architect", "person" : { "first_name" : "KP", "last_name" : "Saravanan", "permalink" : "kp-saravanan" } }, { "is_past" : true, "title" : "Member, Technical Staff", "person" : { "first_name" : "Thiyagarajan", "last_name" : "T", "permalink" : "thiyagarajan-t" } }, { "is_past" : true, "title" : "Software Architect & Project Manager", "person" : { "first_name" : "Rajkumar", "last_name" : "Radhakrishnan", "permalink" : "rajkumar-radhakrishnan" } }, { "is_past" : true, "title" : "Director, Professional Services", "person" : { "first_name" : "Thomas", "last_name" : "DiGrazia", "permalink" : "thomas-digrazia" } }, { "is_past" : true, "title" : "Technical Architect", "person" : { "first_name" : "Rajaraman", "last_name" : "S", "permalink" : "rajaraman-s" } } ], "competitions" : [ { "competitor" : { "name" : "Empressr", "permalink" : "empressr" } }, { "competitor" : { "name" : "Transmedia Corporation", "permalink" : "transmedia" } }, { "competitor" : { "name" : "Live Documents", "permalink" : "livedocuments" } }, { "competitor" : { "name" : "LongJump", "permalink" : "longjump" } }, { "competitor" : { "name" : "Phuser", "permalink" : "phuser" } }, { "competitor" : { "name" : "NetSuite", "permalink" : "netsuite" } }, { "competitor" : { "name" : "Google", "permalink" : "google" } }, { "competitor" : { "name" : "Flypaper", "permalink" : "flypaper" } }, { "competitor" : { "name" : "MovingLabs", "permalink" : "movinglabs" } }, { "competitor" : { "name" : "Ephox", "permalink" : "ephox" } }, { "competitor" : { "name" : "Coghead", "permalink" : "coghead" } }, { "competitor" : { "name" : "SlideRocket", "permalink" : "sliderocket" } }, { "competitor" : { "name" : "Cozimo", "permalink" : "cozimo" } }, { "competitor" : { "name" : "Nordic River", "permalink" : "textflow" } }, { "competitor" : { "name" : "Iceberg", "permalink" : "iceberg" } }, { "competitor" : { "name" : "Thinkfree", "permalink" : "thinkfree" } }, { "competitor" : { "name" : "Bizroof", "permalink" : "bizroof" } }, { "competitor" : { "name" : "Wolf Frameworks", "permalink" : "wolf-frameworks" } }, { "competitor" : { "name" : "280 North", "permalink" : "280-north" } }, { "competitor" : { "name" : "Workday", "permalink" : "workday" } }, { "competitor" : { "name" : "coAction.com", "permalink" : "coaction-com" } }, { "competitor" : { "name" : "INES CRM", "permalink" : "ines-crm" } }, { "competitor" : { "name" : "OpenERP", "permalink" : "openerp" } }, { "competitor" : { "name" : "Gurron", "permalink" : "gurron" } }, { "competitor" : { "name" : "LiquidPlanner", "permalink" : "liquidplanner" } }, { "competitor" : { "name" : "Helpshift, Inc.", "permalink" : "helpshift-inc" } } ], "providerships" : [], "total_money_raised" : "$0", "funding_rounds" : [], "investments" : [], "acquisition" : null, "acquisitions" : [], "offices" : [ { "description" : "Headquarters", "address1" : "4900 Hopyard Rd", "address2" : "Suite 310", "zip_code" : "94588", "city" : "Pleasanton", "state_code" : "CA", "country_code" : "USA", "latitude" : 37.692934, "longitude" : -121.904945 } ], "milestones" : [ { "id" : 388, "description" : "Zoho Reaches 2 Million Users", "stoned_year" : 2008, "stoned_month" : 8, "stoned_day" : 7, "source_url" : "", "source_text" : "Mike,\r\n\r\nTomorrow @ 6AM PST, we are announcing that we now have 1 Million users. User registration stats are attached.\r\n\r\nIt took us 1 Year to get the first 100K users, 6 Months to get the second 100K, 4 Months to get the third etc. In the last 1 year we added 700K new users. The pace has been increasing.\r\n\r\nThe registration numbers really jumped after we added support for Google & Yahoo users. Currently over 30% of our users are coming from Google/Yahoo accounts (with more Google users than Yahoo users).\r\n\r\nI'd love to provide more information on this.\r\n\r\nRaju\r\n\r\n", "source_description" : "", "stoneable_type" : "Company", "stoned_value" : null, "stoned_value_type" : null, "stoned_acquirer" : null, "stoneable" : { "name" : "Zoho", "permalink" : "zoho" } }, { "id" : 6577, "description" : "Zoho Calendar Steps Out Of Beta With Sharing, Subscribing And More", "stoned_year" : 2010, "stoned_month" : 7, "stoned_day" : 7, "source_url" : "http://techcrunch.com/2010/07/07/zoho-calendar-steps-out-of-beta-with-sharing-subscribing-and-more/", "source_text" : "", "source_description" : "Zoho Calendar Steps Out Of Beta With Sharing, Subscribing And More", "stoneable_type" : "Company", "stoned_value" : null, "stoned_value_type" : null, "stoned_acquirer" : null, "stoneable" : { "name" : "Zoho", "permalink" : "zoho" } }, { "id" : 7360, "description" : "Zoho Reports Steps Out Of Beta With Pricing Model And New Features", "stoned_year" : 2009, "stoned_month" : 12, "stoned_day" : 15, "source_url" : "http://techcrunch.com/2009/12/15/zoho-reports-steps-out-of-beta-with-pricing-model-and-new-features/", "source_text" : null, "source_description" : "Zoho Reports Steps Out Of Beta", "stoneable_type" : "Company", "stoned_value" : null, "stoned_value_type" : null, "stoned_acquirer" : null, "stoneable" : { "name" : "Zoho", "permalink" : "zoho" } } ], "video_embeds" : [ { "embed_code" : "<object width=\"430\" height=\"270\"><param name=\"movie\" value=\"http://www.youtube.com/v/KgNcHyuo2MU&hl=en\"></param><param name=\"wmode\" value=\"transparent\"></param><embed src=\"http://www.youtube.com/v/KgNcHyuo2MU&hl=en\" type=\"application/x-shockwave-flash\" wmode=\"transparent\" width=\"430\" height=\"270\"></embed></object>", "description" : "<p><a href=\"http://pitches.techcrunch.com/pitch/10-zoho\" title=\"Zoho&#8217;s pitch\">Zoho&#8217;s pitch</a> from TechCrunch Elevator Pitches</p>" }, { "embed_code" : "<embed src=\"http://blip.tv/play/hRbO5CAA\" type=\"application/x-shockwave-flash\" width=\"430\" height=\"270\" allowscriptaccess=\"always\" allowfullscreen=\"true\"></embed>", "description" : "<p>This video was originally published on <a href=\"http://www.beet.tv/2008/09/zoho-web-apps-c.html\" title=\"Beet.TV\" rel=\"nofollow\">Beet.TV</a></p>" }, { "embed_code" : "<object width=\"430\" height=\"270\"><param name=\"movie\" value=\"http://www.youtube.com/v/3RD_3wooRjI&color1=0xb1b1b1&color2=0xcfcfcf&hl=en_US&feature=player_embedded&fs=1\"></param><param name=\"allowFullScreen\" value=\"true\"></param><param name=\"allowScriptAccess\" value=\"always\"></param><embed src=\"http://www.youtube.com/v/3RD_3wooRjI&color1=0xb1b1b1&color2=0xcfcfcf&hl=en_US&feature=player_embedded&fs=1\" type=\"application/x-shockwave-flash\" allowfullscreen=\"true\" allowScriptAccess=\"always\" width=\"430\" height=\"270\"></embed></object>", "description" : "" } ], "screenshots" : [], "external_links" : [ { "external_url" : "http://www.online-tech-tips.com/cool-websites/zoho-free-online-office-applications-word-processor-spreadsheets-etc/", "title" : "Zoho Overview" }, { "external_url" : "http://www.online-tech-tips.com/cool-websites/free-online-web-meetings/", "title" : "Zoho Meeting Review" }, { "external_url" : "http://mashpedia.com/Zoho", "title" : "Zoho at Mashpedia" }, { "external_url" : "http://www.sitebuilderreport.com/reviews/zoho-sites/our-review", "title" : "Zoho Sites Review" }, { "external_url" : "http://www.sitebuilderreport.com/reviews/zoho-sites/our-review", "title" : "Zoho Sites Review" }, { "external_url" : "http://www.sitebuilderreport.com/reviews/zoho-sites/our-review", "title" : "Zoho Sites Review" } ], "partners" : [] }
  4 | { "_id" : { "$oid" : "52cdef7c4bab8bd675297d8d" }, "name" : "Digg", "permalink" : "digg", "crunchbase_url" : "http://www.crunchbase.com/company/digg", "homepage_url" : "http://www.digg.com", "blog_url" : "http://blog.digg.com/", "blog_feed_url" : "http://blog.digg.com/?feed=rss2", "twitter_username" : "digg", "category_code" : "news", "number_of_employees" : 60, "founded_year" : 2004, "founded_month" : 10, "founded_day" : 11, "deadpooled_year" : null, "deadpooled_month" : null, "deadpooled_day" : null, "deadpooled_url" : null, "tag_list" : "community, social, news, bookmark, digg, technology, design", "alias_list" : "", "email_address" : "feedback@digg.com", "phone_number" : "(415) 436-9638", "description" : "user driven social content website", "created_at" : "Fri May 25 20:03:23 UTC 2007", "updated_at" : "Tue Nov 05 21:35:47 UTC 2013", "overview" : "<p>Digg is a user driven social content website. Everything on Digg is user-submitted. After you submit content, other people read your submission and &#8220;Digg&#8221; what they like best. If your story receives enough Diggs, it&#8217;s promoted to the front page for other visitors to see.</p>\n\n<p><a href=\"http://www.crunchbase.com/person/kevin-rose\" title=\"Kevin Rose\">Kevin Rose</a> came up with the idea for Digg in the fall of 2004.  He found programmer <a href=\"http://www.crunchbase.com/person/owen-byrne\" title=\"Owen Byrne\">Owen Byrne</a> through <a href=\"http://www.crunchbase.com/company/elance\" title=\"eLance\">eLance</a> and paid him $10/hour to develop the idea. In addition, Rose paid $99 per month for hosting and $1,200 for the Digg.com domain. In December of 2004, Kevin launched his creation to the world through a post on his blog.</p>\n\n<p>In February of 2005, Paris Hilton&#8217;s cell phone was hacked.  Images and phone numbers from the phone were posted online and it didn&#8217;t take long for a user to post the link on Digg. The rapidshare downloads site started to receive an enormous amount of traffic and it was then, Rose says, he saw &#8220;the power of breaking stories before anyone else.&#8221;</p>\n\n<p>Digg has been a force ever since.  Acquisition offers have been made, Rose was on the cover of <a href=\"/company/businessweek\" title=\"BusinessWeek\" rel=\"nofollow\">BusinessWeek</a> and according to <a href=\"/company/alexa\" title=\"Alexa\" rel=\"nofollow\">Alexa</a>, Digg is in the top 100 most trafficked sites on the internet. The success hasn&#8217;t come without its share of problems though.  The site has had to face <a href=\"http://www.techcrunch.com/2007/04/02/subvert-and-profit-next-service-to-try-gaming-digg/\" title=\"services aimed at gaming\">services aimed at gaming</a> the way stories hit the front page, as well as a <a href=\"http://www.techcrunch.com/2007/05/01/digg-surrenders-to-mob/\" title=\"user revolt\">user revolt</a>.  Digg has however been able to get over these hurdles as it continues to be one of the social news leaders. </p>", "image" : { "available_sizes" : [ [ [ 150, 150 ], "assets/images/resized/0000/4138/4138v5-max-150x150.jpg" ], [ [ 250, 250 ], "assets/images/resized/0000/4138/4138v5-max-250x250.jpg" ], [ [ 280, 280 ], "assets/images/resized/0000/4138/4138v5-max-450x450.jpg" ] ], "attribution" : null }, "products" : [ { "name" : "Digg", "permalink" : "digg" } ], "relationships" : [ { "is_past" : false, "title" : "CEO", "person" : { "first_name" : "Andrew", "last_name" : "McLaughlin", "permalink" : "andrew-mclaughlin" } }, { "is_past" : false, "title" : "CEO", "person" : { "first_name" : "Matt", "last_name" : "Williams", "permalink" : "matt-williams-2" } }, { "is_past" : false, "title" : "CFO", "person" : { "first_name" : "Bennett", "last_name" : "Thuener", "permalink" : "bennett-thuener" } }, { "is_past" : false, "title" : "VP of Engineering", "person" : { "first_name" : "Ben", "last_name" : "Folk-Williams", "permalink" : "ben-folk-williams" } }, { "is_past" : false, "title" : "Designer", "person" : { "first_name" : "Tyson", "last_name" : "Rosage", "permalink" : "tyson-rosage" } }, { "is_past" : false, "title" : "NetSystem", "person" : { "first_name" : "Elad", "last_name" : "Gilo", "permalink" : "elad-gilo" } }, { "is_past" : true, "title" : "Founder & CEO", "person" : { "first_name" : "Kevin", "last_name" : "Rose", "permalink" : "kevin-rose" } }, { "is_past" : true, "title" : "CFO", "person" : { "first_name" : "John", "last_name" : "Moffett", "permalink" : "john-moffett" } }, { "is_past" : true, "title" : "Chief Strategy Officer", "person" : { "first_name" : "Mike", "last_name" : "Maser", "permalink" : "mike-maser" } }, { "is_past" : true, "title" : "Chief Executive Officer", "person" : { "first_name" : "Jay", "last_name" : "Adelson", "permalink" : "jay-adelson" } }, { "is_past" : true, "title" : "VP Ads Development", "person" : { "first_name" : "Alan", "last_name" : "Lippman", "permalink" : "alan-lippman" } }, { "is_past" : true, "title" : "VP of Engineering", "person" : { "first_name" : "Brian", "last_name" : "Link", "permalink" : "brian-link" } }, { "is_past" : true, "title" : "VP Engineering", "person" : { "first_name" : "John", "last_name" : "Quinn", "permalink" : "john-quinn-2" } }, { "is_past" : true, "title" : "VP of Product", "person" : { "first_name" : "Keval", "last_name" : "Desai", "permalink" : "keval-desai" } }, { "is_past" : true, "title" : "VP Business Development", "person" : { "first_name" : "Bob", "last_name" : "Buch", "permalink" : "bob-buch" } }, { "is_past" : true, "title" : "Vice President, Operations", "person" : { "first_name" : "Scott", "last_name" : "Baker", "permalink" : "scott-baker" } }, { "is_past" : true, "title" : "VP of Research and Development", "person" : { "first_name" : "Anton", "last_name" : "Kast", "permalink" : "anton-kast" } }, { "is_past" : true, "title" : "Senior Software Engineer", "person" : { "first_name" : "Owen", "last_name" : "Byrne", "permalink" : "owen-byrne" } }, { "is_past" : true, "title" : "Lead Architect", "person" : { "first_name" : "Joe", "last_name" : "Stump", "permalink" : "joe-stump" } }, { "is_past" : true, "title" : "Business Development", "person" : { "first_name" : "Matt", "last_name" : "Van Horn", "permalink" : "matt-van-horn" } }, { "is_past" : true, "title" : "Creative Director", "person" : { "first_name" : "Daniel", "last_name" : "Burka", "permalink" : "daniel-burka" } }, { "is_past" : true, "title" : "Board of Directors", "person" : { "first_name" : "Richard", "last_name" : "de Silva", "permalink" : "richard-de-silva" } }, { "is_past" : true, "title" : "User Experience", "person" : { "first_name" : "Mark", "last_name" : "Trammell", "permalink" : "mark-trammell" } }, { "is_past" : true, "title" : "UI Designer", "person" : { "first_name" : "Addison", "last_name" : "Kowalski", "permalink" : "addison-kowalski" } }, { "is_past" : true, "title" : "Team Lead, Core Infrastructure", "person" : { "first_name" : "Arin", "last_name" : "Sarkissian", "permalink" : "arin-sarkissian" } }, { "is_past" : true, "title" : "R&D Analyst, Operations Engineer", "person" : { "first_name" : "Ben", "last_name" : "Standefer", "permalink" : "ben-standefer" } }, { "is_past" : true, "title" : "UI Developer", "person" : { "first_name" : "Jamie", "last_name" : "Lottering", "permalink" : "jamie-lottering" } }, { "is_past" : true, "title" : "Director of Engineering, News Platform", "person" : { "first_name" : "Bill", "last_name" : "Shupp", "permalink" : "bill-shupp" } }, { "is_past" : true, "title" : "Senior Software Engineer", "person" : { "first_name" : "Kurt", "last_name" : "Wilms", "permalink" : "kurt-wilms" } }, { "is_past" : true, "title" : "Principal R&D Engineer", "person" : { "first_name" : "Wes", "last_name" : "Augur", "permalink" : "wes-augur" } }, { "is_past" : true, "title" : "Product Manager", "person" : { "first_name" : "Mike", "last_name" : "Cieri", "permalink" : "mike-cieri" } }, { "is_past" : true, "title" : "Sr. Systems Engineer", "person" : { "first_name" : "Paul", "last_name" : "Lathrop", "permalink" : "paul-lathrop" } }, { "is_past" : true, "title" : "Software engineer & UIX designer", "person" : { "first_name" : "Baldvin Mar", "last_name" : "Smarason", "permalink" : "baldvin-smarason-2" } }, { "is_past" : true, "title" : "Developer", "person" : { "first_name" : "Can", "last_name" : "Duruk", "permalink" : "can-duruk" } }, { "is_past" : true, "title" : "Director of Ad Ops", "person" : { "first_name" : "Veronica", "last_name" : "Tegen", "permalink" : "veronica-tegen" } }, { "is_past" : true, "title" : "Business Development", "person" : { "first_name" : "Brian", "last_name" : "Wong", "permalink" : "brian-wong" } }, { "is_past" : true, "title" : "Senior Community Manager", "person" : { "first_name" : "Jen", "last_name" : "Burton", "permalink" : "jen-burton" } }, { "is_past" : true, "title" : "Sr. Director of Marketing & Communications", "person" : { "first_name" : "Beth", "last_name" : "Murphy", "permalink" : "beth-murphy" } }, { "is_past" : true, "title" : "Systems Engineering Manager", "person" : { "first_name" : "Ron", "last_name" : "Gorodetzky", "permalink" : "ron-gorodetzky" } }, { "is_past" : true, "title" : "Director of Communications", "person" : { "first_name" : "Kiersten", "last_name" : "Hollars", "permalink" : "kiersten-hollars" } }, { "is_past" : true, "title" : "Head of Sales & Sales Operations", "person" : { "first_name" : "Thomas", "last_name" : "Shin", "permalink" : "thomas-shin" } }, { "is_past" : true, "title" : "Publisher & Chief Revenue Officer", "person" : { "first_name" : "Chas", "last_name" : "Edwards", "permalink" : "chas-edwards" } }, { "is_past" : true, "title" : "Director of Design and User Experience", "person" : { "first_name" : "Jeffrey", "last_name" : "Kalmikoff", "permalink" : "jeffrey-kalmikoff" } }, { "is_past" : true, "title" : "Software Engineer", "person" : { "first_name" : "Jeff", "last_name" : "Hodsdon", "permalink" : "jeff-hodsdon" } }, { "is_past" : true, "title" : "Director, PR", "person" : { "first_name" : "Michele", "last_name" : "Husak", "permalink" : "michele-husak" } }, { "is_past" : true, "title" : "Business Development", "person" : { "first_name" : "Vishwas", "last_name" : "Prabhakara", "permalink" : "vishwas-prabhakara" } }, { "is_past" : true, "title" : "Board of Directors", "person" : { "first_name" : "David", "last_name" : "Sze", "permalink" : "david-sze" } }, { "is_past" : true, "title" : "Software Engineer", "person" : { "first_name" : "Vipul", "last_name" : "Sharma", "permalink" : "vipul-sharma" } }, { "is_past" : true, "title" : "Head of Search & User Analytics", "person" : { "first_name" : "Marshall", "last_name" : "Clark", "permalink" : "marshall-clark" } }, { "is_past" : true, "title" : "Design and User Experience Lead", "person" : { "first_name" : "Marc", "last_name" : "Hemeon", "permalink" : "marc-hemeon" } }, { "is_past" : true, "title" : "Director of News Applications", "person" : { "first_name" : "Arsenio", "last_name" : "Santos", "permalink" : "arsenio-santos" } }, { "is_past" : true, "title" : "Senior Core Infrastructure Engineer", "person" : { "first_name" : "Ian", "last_name" : "Eure", "permalink" : "ian-eure" } }, { "is_past" : true, "title" : "Sr. Developer", "person" : { "first_name" : "Ryan", "last_name" : "Marshall", "permalink" : "ryan-marshall" } }, { "is_past" : true, "title" : "PHP Hacker", "person" : { "first_name" : "Eli", "last_name" : "White", "permalink" : "eli-white" } }, { "is_past" : true, "title" : "Account Director", "person" : { "first_name" : "Tommy", "last_name" : "Lee", "permalink" : "tommy-lee" } }, { "is_past" : true, "title" : "Head of Consumer Product", "person" : { "first_name" : "Dash", "last_name" : "Gopinath", "permalink" : "dash-gopinath" } }, { "is_past" : true, "title" : "Software Engineer", "person" : { "first_name" : "Baldvin Mar", "last_name" : "Smarason", "permalink" : "baldvin-smarason-2" } }, { "is_past" : true, "title" : "Senior Software Engineer", "person" : { "first_name" : "Sammy", "last_name" : "Yu", "permalink" : "sammy-yu" } } ], "competitions" : [ { "competitor" : { "name" : "Reddit", "permalink" : "reddit" } }, { "competitor" : { "name" : "Twitter", "permalink" : "twitter" } }, { "competitor" : { "name" : "Newsvine", "permalink" : "newsvine" } }, { "competitor" : { "name" : "Truemors", "permalink" : "truemors" } }, { "competitor" : { "name" : "fav.or.it", "permalink" : "favorit" } }, { "competitor" : { "name" : "Spotplex", "permalink" : "spotplex" } }, { "competitor" : { "name" : "Mixx", "permalink" : "mixx" } }, { "competitor" : { "name" : "Pligg LLC", "permalink" : "pligg" } }, { "competitor" : { "name" : "Silobreaker", "permalink" : "silobreaker" } }, { "competitor" : { "name" : "Newspond", "permalink" : "newspond" } }, { "competitor" : { "name" : "Popularo", "permalink" : "popularo" } }, { "competitor" : { "name" : "ZapNat", "permalink" : "zapnat" } }, { "competitor" : { "name" : "ShoutWire", "permalink" : "shoutwire" } }, { "competitor" : { "name" : "nobosh", "permalink" : "nobosh" } }, { "competitor" : { "name" : "YiGG", "permalink" : "yigg" } }, { "competitor" : { "name" : "Publish2", "permalink" : "publish2" } }, { "competitor" : { "name" : "Naubo", "permalink" : "naubo" } }, { "competitor" : { "name" : "Skewz", "permalink" : "skewz" } }, { "competitor" : { "name" : "eVIPlist", "permalink" : "eviplist" } }, { "competitor" : { "name" : "slinkset", "permalink" : "slinkset" } }, { "competitor" : { "name" : "Subbmitt", "permalink" : "subbmitt" } }, { "competitor" : { "name" : "Link Spank", "permalink" : "linkspank" } }, { "competitor" : { "name" : "EIOBA", "permalink" : "eioba" } }, { "competitor" : { "name" : "buzznewzz", "permalink" : "buzznewzz" } }, { "competitor" : { "name" : "RatherGather", "permalink" : "rathergather" } }, { "competitor" : { "name" : "StumbleUpon", "permalink" : "stumbleupon" } }, { "competitor" : { "name" : "GRAZEit", "permalink" : "grazeit" } }, { "competitor" : { "name" : "Newser", "permalink" : "newser" } } ], "providerships" : [ { "title" : "Public Relations", "is_past" : true, "provider" : { "name" : "K/F Communications", "permalink" : "k-f-communications" } } ], "total_money_raised" : "$45M", "funding_rounds" : [ { "id" : 1, "round_code" : "b", "source_url" : "http://www.marketingvox.com/archives/2006/12/29/digg-gets-85mm-in-funding/", "source_description" : "", "raised_amount" : 8500000, "raised_currency_code" : "USD", "funded_year" : 2006, "funded_month" : 12, "funded_day" : 1, "investments" : [ { "company" : null, "financial_org" : { "name" : "Greylock Partners", "permalink" : "greylock" }, "person" : null }, { "company" : null, "financial_org" : { "name" : "Omidyar Network", "permalink" : "omidyar-network" }, "person" : null } ] }, { "id" : 85, "round_code" : "a", "source_url" : "http://goliath.ecnext.com/coms2/gi_0199-4857782/Social-Content-Web-Site-Digg.html", "source_description" : "", "raised_amount" : 2800000, "raised_currency_code" : "USD", "funded_year" : 2005, "funded_month" : 10, "funded_day" : 1, "investments" : [ { "company" : null, "financial_org" : { "name" : "Greylock Partners", "permalink" : "greylock" }, "person" : null }, { "company" : null, "financial_org" : { "name" : "Omidyar Network", "permalink" : "omidyar-network" }, "person" : null }, { "company" : null, "financial_org" : null, "person" : { "first_name" : "Marc", "last_name" : "Andreessen", "permalink" : "marc-andreessen" } }, { "company" : null, "financial_org" : null, "person" : { "first_name" : "Reid", "last_name" : "Hoffman", "permalink" : "reid-hoffman" } }, { "company" : null, "financial_org" : null, "person" : { "first_name" : "Ron", "last_name" : "Conway", "permalink" : "ron-conway" } }, { "company" : null, "financial_org" : null, "person" : { "first_name" : "Al", "last_name" : "Avery", "permalink" : "al-avery" } }, { "company" : null, "financial_org" : { "name" : "FLOODGATE", "permalink" : "floodgate" }, "person" : null }, { "company" : null, "financial_org" : { "name" : "SV Angel", "permalink" : "sv-angel" }, "person" : null } ] }, { "id" : 3503, "round_code" : "c", "source_url" : "http://www.techcrunch.com/2008/09/24/spurned-by-google-digg-taps-vcs-for-29-million-c-round/", "source_description" : "press release", "raised_amount" : 28700000, "raised_currency_code" : "USD", "funded_year" : 2008, "funded_month" : 9, "funded_day" : 24, "investments" : [ { "company" : null, "financial_org" : { "name" : "Highland Capital Partners", "permalink" : "highland-capital-partners" }, "person" : null }, { "company" : null, "financial_org" : { "name" : "Greylock Partners", "permalink" : "greylock" }, "person" : null }, { "company" : null, "financial_org" : { "name" : "Omidyar Network", "permalink" : "omidyar-network" }, "person" : null }, { "company" : null, "financial_org" : { "name" : "SVB Financial Group", "permalink" : "svb-financial-group" }, "person" : null } ] }, { "id" : 24136, "round_code" : "d", "source_url" : "http://techcrunch.com/2011/07/12/digg-raises-an-inside-venture-round/", "source_description" : "Digg Raises An Inside Venture Round", "raised_amount" : 5000000, "raised_currency_code" : "USD", "funded_year" : 2011, "funded_month" : 7, "funded_day" : 12, "investments" : [] } ], "investments" : [], "acquisition" : { "price_amount" : 500000, "price_currency_code" : "USD", "term_code" : null, "source_url" : "http://techcrunch.com/2012/07/12/betaworks-acquires-digg/", "source_description" : "Betaworks Acquires Digg (TechCrunch)", "acquired_year" : 2012, "acquired_month" : 7, "acquired_day" : 12, "acquiring_company" : { "name" : "betaworks", "permalink" : "betaworks" } }, "acquisitions" : [ { "price_amount" : null, "price_currency_code" : "USD", "term_code" : null, "source_url" : "", "source_description" : "", "acquired_year" : 2009, "acquired_month" : 10, "acquired_day" : 15, "company" : { "name" : "Wefollow", "permalink" : "wefollow" } } ], "offices" : [ { "description" : null, "address1" : "135 Mississippi St", "address2" : "", "zip_code" : "94107", "city" : "San Francisco", "state_code" : "CA", "country_code" : "USA", "latitude" : 37.764726, "longitude" : -122.394523 } ], "milestones" : [ { "id" : 9588, "description" : "Another Digg Exec Is Out: Longtime CFO John Moffett Leaves", "stoned_year" : 2010, "stoned_month" : 10, "stoned_day" : 25, "source_url" : "http://techcrunch.com/2010/10/25/another-digg-exec-is-out-longtime-cfo-john-moffett-leaves/", "source_text" : "", "source_description" : "Another Digg Exec Is Out: Longtime CFO John Moffett Leaves", "stoneable_type" : "Company", "stoned_value" : null, "stoned_value_type" : null, "stoned_acquirer" : null, "stoneable" : { "name" : "Digg", "permalink" : "digg" } }, { "id" : 24912, "description" : "Digg Sold To LinkedIn AND The Washington Post And Betaworks", "stoned_year" : 2012, "stoned_month" : 7, "stoned_day" : 13, "source_url" : "http://techcrunch.com/2012/07/12/digg-sold-to-linkedin-and-the-washington-post-and-betaworks/", "source_text" : "", "source_description" : "Digg Sold To LinkedIn AND The Washington Post And Betaworks", "stoneable_type" : "Company", "stoned_value" : null, "stoned_value_type" : null, "stoned_acquirer" : null, "stoneable" : { "name" : "Digg", "permalink" : "digg" } }, { "id" : 42148, "description" : "Digg Video launches.", "stoned_year" : 2013, "stoned_month" : 11, "stoned_day" : 5, "source_url" : "http://techcrunch.com/2013/11/05/digg-gives-videos-prime-placement-with-new-digg-video-site/", "source_text" : "", "source_description" : "Digg Gives Videos Prime Placement With New Digg Video Site", "stoneable_type" : "Company", "stoned_value" : null, "stoned_value_type" : null, "stoned_acquirer" : null, "stoneable" : { "name" : "Digg", "permalink" : "digg" } } ], "ipo" : null, "video_embeds" : [ { "embed_code" : "<embed src=\"http://blip.tv/play/hRaY4zgA\" type=\"application/x-shockwave-flash\" width=\"370\" height=\"308\" allowscriptaccess=\"always\" allowfullscreen=\"true\"></embed>", "description" : "<p>This video was originally published on <a href=\"http://www.beet.tv/2008/09/digg-raises-287.html\" title=\"Beet.TV\" rel=\"nofollow\">Beet.TV</a></p>" }, { "embed_code" : "<iframe width=\"430\" height=\"242\" src=\"http://www.youtube.com/embed/7J1T3Y70IW4\" frameborder=\"0\" allowfullscreen></iframe>", "description" : "<p>TechCrunch interview with Kevin Rose, April 2009</p>" } ], "screenshots" : [ { "available_sizes" : [ [ [ 117, 150 ], "assets/images/resized/0020/0633/200633v1-max-150x150.png" ], [ [ 196, 250 ], "assets/images/resized/0020/0633/200633v1-max-250x250.png" ], [ [ 353, 450 ], "assets/images/resized/0020/0633/200633v1-max-450x450.png" ] ], "attribution" : null } ], "external_links" : [ { "external_url" : "http://www.sociableblog.com/2008/09/25/digg-closed-287-million-in-series-c/", "title" : "Digg Closed $28.7 Million in Series C round led by Highland Capital Partners" } ], "partners" : [] }

